[
  { "Id": 1,
    "Test": "read_tomcat",
    "Number Of Users": 100,
    "Total Number Of Req": 1919,
    "Total RPS": 67.00,
    "Request Distribution": [
      {"name": "GET /editor/post?action=open", "98%": 13}
    ]
  },
  { "Id": 2,
    "Test": "write_tomcat",
    "Number Of Users": 100,
    "Total Number Of Req": 1889,
    "Total RPS": 65.30,
    "Request Distribution": [
      {"name": "POST /editor/post?action=save", "98%": 39}
    ]
  },
  { "Id": 4,
    "Test": "read_node",
    "Number Of Users": 100,
    "Total Number Of Req": 1904,
    "Total RPS": 66.60,
    "Request Distribution": [
      {"name": "GET /blog/cs144", "98%": 14}
    ]
  },
  { "Id": 5,
    "Test": "write_node",
    "Number Of Users": 100,
    "Total Number Of Req": 1519,
    "Total RPS": 66.40,
    "Request Distribution": [
      {"name": "PUT /api/cs144", "98%": 1900}
    ]
  }
]
